model,imagery,loaded words,storytelling
deepseek-r1-distill-llama-70b,0.09904501596523348,-0.029298157867970197,0.2329495047146282
gpt-4o-mini,-0.02111117884411984,-0.0760454698754428,-0.05224902320259868
llama-3.3-70b-instruct,0.06768994551165693,-0.11510870922176858,0.10470618168287896
qwen3-32b,-0.09707905982723584,-0.06936830020209034,0.09934339824540704
