model,imagery,loaded words,storytelling
deepseek-r1-distill-llama-70b,0.5334343434343435,0.5242348231478666,0.5303842345018815
gpt-4o-mini,0.4514957264957265,0.5202405472803956,0.4439393939393939
llama-3.3-70b-instruct,0.5296736464817958,0.46598826010590716,0.4735534018704933
qwen3-32b,0.5044949329846354,0.3795931450730212,0.4225699194406444
